{"2023Q3": {"guam": {"download": 28.854457831325302, "upload": 8.876248192771085, "latency": 59.25301204819277, "tests": 3711, "devices": 1417}, "cnmi": {"download": 36.43948387096774, "upload": 10.732698924731183, "latency": 43.98924731182796, "tests": 320, "devices": 178}, "am-samoa": {"download": 46.340785714285715, "upload": 13.804642857142857, "latency": 23.071428571428573, "tests": 20, "devices": 15}, "usvi": {"download": 50.50636224489796, "upload": 10.347489795918367, "latency": 54.75, "tests": 591, "devices": 362}, "pr": {"download": 138.40480730998624, "upload": 14.066026456644748, "latency": 38.614925829637556, "tests": 44268, "devices": 21615}, "oahu": {"download": 203.11626862302484, "upload": 21.538416478555305, "latency": 40.308126410835214, "tests": 5959, "devices": 3291}, "niihau": {"download": NaN, "upload": NaN, "latency": NaN, "tests": 0, "devices": 0}, "kauai": {"download": 81.40256617647059, "upload": 16.57431617647059, "latency": 40.3014705882353, "tests": 428, "devices": 281}, "molokai": {"download": 17.4232, "upload": 10.111, "latency": 23.4, "tests": 6, "devices": 5}, "lanai": {"download": 30.8425, "upload": 15.1465, "latency": 43.0, "tests": 4, "devices": 3}, "maui": {"download": 122.42339799331104, "upload": 15.171869565217392, "latency": 61.812709030100336, "tests": 2219, "devices": 889}, "kahoolawe": {"download": NaN, "upload": NaN, "latency": NaN, "tests": 0, "devices": 0}, "hawaii-island": {"download": 75.50461141304348, "upload": 11.760339673913045, "latency": 53.83423913043478, "tests": 1116, "devices": 646}, "hawaii-state": {"download": 150.24056011730207, "upload": 17.780087390029326, "latency": 47.44633431085044, "tests": 9741, "devices": 5124}, "bozeman-mt": {"download": 109.2163665158371, "upload": 16.848262443438916, "latency": 61.47511312217195, "tests": 652, "devices": 401}, "palau-all": {"download": 25.05386206896552, "upload": 20.16741379310345, "latency": 88.03448275862068, "tests": 150, "devices": 48}, "fsm-all": {"download": 33.76225925925926, "upload": 1.8984074074074073, "latency": 88.96296296296296, "tests": 160, "devices": 71}, "azores": {"download": 93.6358762541806, "upload": 19.04399331103679, "latency": 66.11371237458194, "tests": 653, "devices": 473}}, "2023Q4": {"guam": {"download": 41.97806830601093, "upload": 11.709521857923496, "latency": 45.076502732240435, "tests": 3048, "devices": 1224}, "cnmi": {"download": 32.11822784810126, "upload": 10.69645569620253, "latency": 38.924050632911396, "tests": 214, "devices": 145}, "am-samoa": {"download": 20.72957142857143, "upload": 10.760857142857143, "latency": 27.571428571428573, "tests": 42, "devices": 29}, "usvi": {"download": 61.32574242424242, "upload": 10.882474747474747, "latency": 56.11616161616162, "tests": 653, "devices": 400}, "pr": {"download": 139.21872117628754, "upload": 14.545567294227478, "latency": 36.214096779212696, "tests": 43673, "devices": 21431}, "oahu": {"download": 186.6120067264574, "upload": 20.425125560538117, "latency": 43.35874439461883, "tests": 5876, "devices": 3181}, "niihau": {"download": NaN, "upload": NaN, "latency": NaN, "tests": 0, "devices": 0}, "kauai": {"download": 70.66612903225806, "upload": 14.396251612903226, "latency": 45.148387096774194, "tests": 472, "devices": 298}, "molokai": {"download": 19.2714, "upload": 3.34, "latency": 34.0, "tests": 41, "devices": 5}, "lanai": {"download": 31.346, "upload": 0.941, "latency": 95.0, "tests": 1, "devices": 1}, "maui": {"download": 157.34896069868995, "upload": 20.91413537117904, "latency": 56.52838427947598, "tests": 1738, "devices": 605}, "kahoolawe": {"download": NaN, "upload": NaN, "latency": NaN, "tests": 0, "devices": 0}, "hawaii-island": {"download": 75.67274576271187, "upload": 12.322553672316385, "latency": 56.12994350282486, "tests": 1156, "devices": 665}, "hawaii-state": {"download": 146.8526493902439, "upload": 18.093260975609756, "latency": 48.06280487804878, "tests": 9288, "devices": 4759}, "bozeman-mt": {"download": 114.15909595959596, "upload": 20.367313131313132, "latency": 58.68181818181818, "tests": 557, "devices": 311}, "palau-all": {"download": 21.332833333333333, "upload": 16.386433333333333, "latency": 48.43333333333333, "tests": 98, "devices": 54}, "fsm-all": {"download": 35.20807272727273, "upload": 2.596563636363636, "latency": 99.32727272727273, "tests": 198, "devices": 90}, "azores": {"download": 108.672, "upload": 20.003836879432622, "latency": 61.53900709219858, "tests": 681, "devices": 442}}}